<?xml version="1.0" encoding="UTF-8" standalone="yes"?>
<addon id="plugin.video.arrowtv"
       name="ARROW.TV"
       version="1.0.1"
       provider-name="DSS">
  <requires>
    <import addon="xbmc.python" version="2.1.0"/>


  </requires>
  <extension point="xbmc.python.pluginsource" library="default.py">
	<provides>video</provides>
  </extension>
  <extension point="xbmc.addon.metadata">
	<summary lang="en">AARROW.TV</summary>
    <description lang="en">ARROW.TV</description>
    <platform>all</platform>
  </extension>
</addon>
