<?xml version="1.0" encoding="UTF-8" standalone="yes"?>
<addon id="plugin.video.detop40"
	name="Mediamarkt Top 40"
	version="1.0.0"
	provider-name="DSS">
  <requires>
    <import addon="xbmc.python" version="2.1.0"/>
    <import addon="script.module.addon.common" version="2.0.0"/>
    <import addon="plugin.video.youtube" version="5.0.0"/>
  </requires>
  <extension point="xbmc.python.pluginsource" library="default.py">
    <provides>video</provides>
  </extension>
  <extension point="xbmc.addon.metadata">
    <summary lang="nl">Mediamarkt Top 40</summary>
    <description lang="nl">Mediamarkt Top 40</description>
    <platform>all</platform>
  </extension>
</addon>


