<?xml version="1.0" encoding="UTF-8" standalone="yes"?>
<addon id="plugin.video.andymelisa"
	name="
Andy van der Meijde - Official
"
	version="1.0.0"
	provider-name="DSS">
  <requires>
    <import addon="xbmc.python" version="2.1.0"/>
    <import addon="script.module.addon.common" version="2.0.0"/>
    <import addon="plugin.video.youtube" version="5.0.0"/>
  </requires>
  <extension point="xbmc.python.pluginsource" library="default.py">
    <provides>video</provides>
  </extension>
  <extension point="xbmc.addon.metadata">
    <summary lang="nl">Andy van der Meijde - Official</summary>
    <description lang="nl">Andy van der Meijde - Official</description>
    <platform>all</platform>
  </extension>
</addon>


