<?xml version="1.0" encoding="UTF-8" standalone="yes"?>
<addon id="plugin.video.xite"
       name="Xite"
       version="1.0.0"
       provider-name="DSS">
  <requires>
    <import addon="xbmc.python" version="2.1.0"/>


  </requires>
  <extension point="xbmc.python.pluginsource" library="default.py">
	<provides>video</provides>
  </extension>
  <extension point="xbmc.addon.metadata">
	<summary lang="en">Xite</summary>
    <description lang="en">Xite</description>
    <platform>all</platform>
  </extension>
</addon>
